title;type;year;filename;book;word_count;char_count;source
der_prozess_20;fiction;1914;der_prozess_20_fiction.txt;der_prozess;1975;10610;https://www.projekt-gutenberg.org/kafka/prozess/
der_prozess_29;fiction;1914;der_prozess_29_fiction.txt;der_prozess;2050;11473;https://www.projekt-gutenberg.org/kafka/prozess/
amerika_37;fiction;1913;amerika_37_fiction.txt;amerika;3589;18979;https://www.projekt-gutenberg.org/kafka/amerika/
das_schloss_16;fiction;1922;das_schloss_16_fiction.txt;das_schloss;3534;18381;https://www.projekt-gutenberg.org/kafka/schloss/
das_schloss_06;fiction;1922;das_schloss_06_fiction.txt;das_schloss;3514;18042;https://www.projekt-gutenberg.org/kafka/schloss/
das_schloss_32;fiction;1922;das_schloss_32_fiction.txt;das_schloss;3451;17869;https://www.projekt-gutenberg.org/kafka/schloss/
der_prozess_23;fiction;1914;der_prozess_23_fiction.txt;der_prozess;3386;17608;https://www.projekt-gutenberg.org/kafka/prozess/
das_schloss_30;fiction;1922;das_schloss_30_fiction.txt;das_schloss;3367;17504;https://www.projekt-gutenberg.org/kafka/schloss/
das_schloss_14;fiction;1922;das_schloss_14_fiction.txt;das_schloss;3353;17629;https://www.projekt-gutenberg.org/kafka/schloss/
der_prozess_15;fiction;1914;der_prozess_15_fiction.txt;der_prozess;3323;18739;https://www.projekt-gutenberg.org/kafka/prozess/
das_schloss_10;fiction;1922;das_schloss_10_fiction.txt;das_schloss;3216;17693;https://www.projekt-gutenberg.org/kafka/schloss/
das_schloss_11;fiction;1922;das_schloss_11_fiction.txt;das_schloss;3214;17821;https://www.projekt-gutenberg.org/kafka/schloss/
das_schloss_15;fiction;1922;das_schloss_15_fiction.txt;das_schloss;3112;16076;https://www.projekt-gutenberg.org/kafka/schloss/
das_schloss_07;fiction;1922;das_schloss_07_fiction.txt;das_schloss;3104;16007;https://www.projekt-gutenberg.org/kafka/schloss/
das_schloss_24;fiction;1922;das_schloss_24_fiction.txt;das_schloss;3080;16430;https://www.projekt-gutenberg.org/kafka/schloss/
das_schloss_28;fiction;1922;das_schloss_28_fiction.txt;das_schloss;3029;15554;https://www.projekt-gutenberg.org/kafka/schloss/
der_prozess_27;fiction;1914;der_prozess_27_fiction.txt;der_prozess;3020;15532;https://www.projekt-gutenberg.org/kafka/prozess/
in_der_strafkolonie_02;fiction;1914;strafkolonie_02_fiction.txt;ein_landarzt;2973;15762;https://www.projekt-gutenberg.org/kafka/strafkol/strafkol.html
das_schloss_02;fiction;1922;das_schloss_02_fiction.txt;das_schloss;2942;15760;https://www.projekt-gutenberg.org/kafka/schloss/
der_prozess_13;fiction;1914;der_prozess_13_fiction.txt;der_prozess;2937;15667;https://www.projekt-gutenberg.org/kafka/prozess/
der_prozess_08;fiction;1914;der_prozess_08_fiction.txt;der_prozess;2846;15018;https://www.projekt-gutenberg.org/kafka/prozess/
amerika_19;fiction;1913;amerika_19_fiction.txt;amerika;2799;14964;https://www.projekt-gutenberg.org/kafka/amerika/
das_schloss_39;fiction;1922;das_schloss_39_fiction.txt;das_schloss;2782;15153;https://www.projekt-gutenberg.org/kafka/schloss/
der_prozess_19;fiction;1914;der_prozess_19_fiction.txt;der_prozess;2769;14531;https://www.projekt-gutenberg.org/kafka/prozess/
amerika_01;fiction;1913;amerika_01_fiction.txt;amerika;2744;14236;https://www.projekt-gutenberg.org/kafka/amerika/
das_schloss_05;fiction;1922;das_schloss_05_fiction.txt;das_schloss;2728;14317;https://www.projekt-gutenberg.org/kafka/schloss/
der_prozess_26;fiction;1914;der_prozess_26_fiction.txt;der_prozess;2724;14209;https://www.projekt-gutenberg.org/kafka/prozess/
das_schloss_40;fiction;1922;das_schloss_40_fiction.txt;das_schloss;2723;14753;https://www.projekt-gutenberg.org/kafka/schloss/
eine_kleine_frau;fiction;1923;eine_kleine_frau_fiction.txt;magazine;2692;14549;https://www.projekt-gutenberg.org/kafka/misc/chap032.html
das_schloss_04;fiction;1922;das_schloss_04_fiction.txt;das_schloss;2686;14304;https://www.projekt-gutenberg.org/kafka/schloss/
das_schloss_21;fiction;1922;das_schloss_21_fiction.txt;das_schloss;2684;13753;https://www.projekt-gutenberg.org/kafka/schloss/
die_verwandlung_09;fiction;1912;die_verwandlung_09_fiction.txt;die_verwandlung;2673;14051;https://www.projekt-gutenberg.org/kafka/verwandl/
amerika_36;fiction;1913;amerika_36_fiction.txt;amerika;2666;14198;https://www.projekt-gutenberg.org/kafka/amerika/
der_prozess_09;fiction;1914;der_prozess_09_fiction.txt;der_prozess;2653;13728;https://www.projekt-gutenberg.org/kafka/prozess/
das_schloss_41;fiction;1922;das_schloss_41_fiction.txt;das_schloss;2637;14195;https://www.projekt-gutenberg.org/kafka/schloss/
das_schloss_22;fiction;1922;das_schloss_22_fiction.txt;das_schloss;2633;13904;https://www.projekt-gutenberg.org/kafka/schloss/
der_prozess_02;fiction;1914;der_prozess_02_fiction.txt;der_prozess;2630;13900;https://www.projekt-gutenberg.org/kafka/prozess/
amerika_04;fiction;1913;amerika_04_fiction.txt;amerika;2616;13740;https://www.projekt-gutenberg.org/kafka/amerika/
amerika_13;fiction;1913;amerika_13_fiction.txt;amerika;2613;14100;https://www.projekt-gutenberg.org/kafka/amerika/
das_schloss_36;fiction;1922;das_schloss_36_fiction.txt;das_schloss;2613;13191;https://www.projekt-gutenberg.org/kafka/schloss/
der_prozess_10;fiction;1914;der_prozess_10_fiction.txt;der_prozess;2610;13649;https://www.projekt-gutenberg.org/kafka/prozess/
der_prozess_06;fiction;1914;der_prozess_06_fiction.txt;der_prozess;2604;14386;https://www.projekt-gutenberg.org/kafka/prozess/
das_schloss_31;fiction;1922;das_schloss_31_fiction.txt;das_schloss;2597;13691;https://www.projekt-gutenberg.org/kafka/schloss/
das_schloss_03;fiction;1922;das_schloss_03_fiction.txt;das_schloss;2583;13517;https://www.projekt-gutenberg.org/kafka/schloss/
der_prozess_05;fiction;1914;der_prozess_05_fiction.txt;der_prozess;2575;14143;https://www.projekt-gutenberg.org/kafka/prozess/
der_prozess_22;fiction;1914;der_prozess_22_fiction.txt;der_prozess;2567;13755;https://www.projekt-gutenberg.org/kafka/prozess/
amerika_07;fiction;1913;amerika_07_fiction.txt;amerika;2557;13412;https://www.projekt-gutenberg.org/kafka/amerika/
amerika_32;fiction;1913;amerika_32_fiction.txt;amerika;2547;13342;https://www.projekt-gutenberg.org/kafka/amerika/
der_prozess_24;fiction;1914;der_prozess_24_fiction.txt;der_prozess;2538;12927;https://www.projekt-gutenberg.org/kafka/prozess/
amerika_08;fiction;1913;amerika_08_fiction.txt;amerika;2532;13027;https://www.projekt-gutenberg.org/kafka/amerika/
der_prozess_01;fiction;1914;der_prozess_01_fiction.txt;der_prozess;2530;13235;https://www.projekt-gutenberg.org/kafka/prozess/
der_prozess_07;fiction;1914;der_prozess_07_fiction.txt;der_prozess;2525;13150;https://www.projekt-gutenberg.org/kafka/prozess/
amerika_05;fiction;1913;amerika_05_fiction.txt;amerika;2523;13913;https://www.projekt-gutenberg.org/kafka/amerika/
das_schloss_42;fiction;1922;das_schloss_42_fiction.txt;das_schloss;2497;12972;https://www.projekt-gutenberg.org/kafka/schloss/
in_der_strafkolonie_04;fiction;1914;strafkolonie_04_fiction.txt;ein_landarzt;2496;13029;https://www.projekt-gutenberg.org/kafka/strafkol/strafkol.html
amerika_22;fiction;1913;amerika_22_fiction.txt;amerika;2489;13237;https://www.projekt-gutenberg.org/kafka/amerika/
der_prozess_16;fiction;1914;der_prozess_16_fiction.txt;der_prozess;2479;13665;https://www.projekt-gutenberg.org/kafka/prozess/
das_schloss_08;fiction;1922;das_schloss_08_fiction.txt;das_schloss;2455;12643;https://www.projekt-gutenberg.org/kafka/schloss/
amerika_02;fiction;1913;amerika_02_fiction.txt;amerika;2454;13246;https://www.projekt-gutenberg.org/kafka/amerika/
in_der_strafkolonie_01;fiction;1914;strafkolonie_01_fiction.txt;ein_landarzt;2449;13086;https://www.projekt-gutenberg.org/kafka/strafkol/strafkol.html
das_schloss_29;fiction;1922;das_schloss_29_fiction.txt;das_schloss;2436;12656;https://www.projekt-gutenberg.org/kafka/schloss/
amerika_12;fiction;1913;amerika_12_fiction.txt;amerika;2429;12944;https://www.projekt-gutenberg.org/kafka/amerika/
amerika_23;fiction;1913;amerika_23_fiction.txt;amerika;2427;12918;https://www.projekt-gutenberg.org/kafka/amerika/
amerika_30;fiction;1913;amerika_30_fiction.txt;amerika;2417;12282;https://www.projekt-gutenberg.org/kafka/amerika/
die_acht_oktavenhefte_01;fiction;1917;oktavenhefte_01_fiction.txt;notizen;2412;13155;https://www.projekt-gutenberg.org/kafka/oktavhef/oktavhef.html
das_schloss_34;fiction;1922;das_schloss_34_fiction.txt;das_schloss;2401;12041;https://www.projekt-gutenberg.org/kafka/schloss/
amerika_31;fiction;1913;amerika_31_fiction.txt;amerika;2378;12945;https://www.projekt-gutenberg.org/kafka/amerika/
amerika_10;fiction;1913;amerika_10_fiction.txt;amerika;2369;12160;https://www.projekt-gutenberg.org/kafka/amerika/
amerika_29;fiction;1913;amerika_29_fiction.txt;amerika;2367;12159;https://www.projekt-gutenberg.org/kafka/amerika/
amerika_28;fiction;1913;amerika_28_fiction.txt;amerika;2354;12188;https://www.projekt-gutenberg.org/kafka/amerika/
das_schloss_45;fiction;1922;das_schloss_45_fiction.txt;das_schloss;2348;11821;https://www.projekt-gutenberg.org/kafka/schloss/
der_prozess_04;fiction;1914;der_prozess_04_fiction.txt;der_prozess;2339;12084;https://www.projekt-gutenberg.org/kafka/prozess/
in_der_strafkolonie_03;fiction;1914;strafkolonie_03_fiction.txt;ein_landarzt;2339;12697;https://www.projekt-gutenberg.org/kafka/strafkol/strafkol.html
das_schloss_20;fiction;1922;das_schloss_20_fiction.txt;das_schloss;2333;11951;https://www.projekt-gutenberg.org/kafka/schloss/
das_schloss_01;fiction;1922;das_schloss_01_fiction.txt;das_schloss;2326;12061;https://www.projekt-gutenberg.org/kafka/schloss/
die_acht_oktavenhefte_07;fiction;1917;oktavenhefte_07_fiction.txt;notizen;2326;12424;https://www.projekt-gutenberg.org/kafka/oktavhef/oktavhef.html
die_verwandlung_06;fiction;1912;die_verwandlung_06_fiction.txt;die_verwandlung;2317;12117;https://www.projekt-gutenberg.org/kafka/verwandl/
das_schloss_38;fiction;1922;das_schloss_38_fiction.txt;das_schloss;2316;12753;https://www.projekt-gutenberg.org/kafka/schloss/
amerika_21;fiction;1913;amerika_21_fiction.txt;amerika;2306;12393;https://www.projekt-gutenberg.org/kafka/amerika/
amerika_03;fiction;1913;amerika_03_fiction.txt;amerika;2298;12698;https://www.projekt-gutenberg.org/kafka/amerika/
das_schloss_12;fiction;1922;das_schloss_12_fiction.txt;das_schloss;2294;11554;https://www.projekt-gutenberg.org/kafka/schloss/
der_prozess_17;fiction;1914;der_prozess_17_fiction.txt;der_prozess;2293;12274;https://www.projekt-gutenberg.org/kafka/prozess/
der_prozess_11;fiction;1914;der_prozess_11_fiction.txt;der_prozess;2284;11891;https://www.projekt-gutenberg.org/kafka/prozess/
amerika_35;fiction;1913;amerika_35_fiction.txt;amerika;2280;12256;https://www.projekt-gutenberg.org/kafka/amerika/
amerika_14;fiction;1913;amerika_14_fiction.txt;amerika;2272;12131;https://www.projekt-gutenberg.org/kafka/amerika/
der_prozess_25;fiction;1914;der_prozess_25_fiction.txt;der_prozess;2270;12165;https://www.projekt-gutenberg.org/kafka/prozess/
amerika_09;fiction;1913;amerika_09_fiction.txt;amerika;2229;11554;https://www.projekt-gutenberg.org/kafka/amerika/
tagebuch_068;diary;1916;tagebuch_68_diaries.txt;tagebuecher;2203;11824;https://www.projekt-gutenberg.org/kafka/tagebuch/titlepage.html
amerika_11;fiction;1913;amerika_11_fiction.txt;amerika;2202;11542;https://www.projekt-gutenberg.org/kafka/amerika/
die_verwandlung_08;fiction;1912;die_verwandlung_08_fiction.txt;die_verwandlung;2195;11753;https://www.projekt-gutenberg.org/kafka/verwandl/
amerika_25;fiction;1913;amerika_25_fiction.txt;amerika;2195;11992;https://www.projekt-gutenberg.org/kafka/amerika/
amerika_33;fiction;1913;amerika_33_fiction.txt;amerika;2173;11134;https://www.projekt-gutenberg.org/kafka/amerika/
die_acht_oktavenhefte_10;fiction;1917;oktavenhefte_10_fiction.txt;notizen;2170;11396;https://www.projekt-gutenberg.org/kafka/oktavhef/oktavhef.html
beim_bau_der_chinesische_mauer_02;fiction;1917;chinesische_mauer_02_fiction.txt;magazine;2169;11931;https://www.projekt-gutenberg.org/kafka/misc/chap033.html
das_schloss_13;fiction;1922;das_schloss_13_fiction.txt;das_schloss;2166;11243;https://www.projekt-gutenberg.org/kafka/schloss/
tagebuch_065;diary;1915;tagebuch_65_diaries.txt;tagebuecher;2153;12227;https://www.projekt-gutenberg.org/kafka/tagebuch/titlepage.html
amerika_24;fiction;1913;amerika_24_fiction.txt;amerika;2150;11672;https://www.projekt-gutenberg.org/kafka/amerika/
das_schloss_19;fiction;1922;das_schloss_19_fiction.txt;das_schloss;2140;11487;https://www.projekt-gutenberg.org/kafka/schloss/
landarzt;fiction;1917;landarzt_fiction.txt;ein_landarzt;2131;10909;https://www.gutenberg.org/files/21989/21989-h/21989-h.htm
beim_bau_der_chinesische_mauer_01;fiction;1917;chinesische_mauer_01_fiction.txt;magazine;2127;11976;https://www.projekt-gutenberg.org/kafka/misc/chap033.html
amerika_06;fiction;1913;amerika_06_fiction.txt;amerika;2126;11715;https://www.projekt-gutenberg.org/kafka/amerika/
amerika_26;fiction;1913;amerika_26_fiction.txt;amerika;2122;11499;https://www.projekt-gutenberg.org/kafka/amerika/
blumfeld_ein_älterer_jungeselle;fiction;1915;blumfeld_fiction.txt;magazine;2120;11422;https://www.projekt-gutenberg.org/kafka/blumfeld/
die_verwandlung_03;fiction;1912;die_verwandlung_03_fiction.txt;die_verwandlung;2119;11291;https://www.projekt-gutenberg.org/kafka/verwandl/
das_schloss_26;fiction;1922;das_schloss_26_fiction.txt;das_schloss;2104;11052;https://www.projekt-gutenberg.org/kafka/schloss/
amerika_34;fiction;1913;amerika_34_fiction.txt;amerika;2103;10895;https://www.projekt-gutenberg.org/kafka/amerika/
tagebuch_072;diary;1921;tagebuch_72_diaries.txt;tagebuecher;2098;11677;https://www.projekt-gutenberg.org/kafka/tagebuch/titlepage.html
die_acht_oktavenhefte_05;fiction;1917;oktavenhefte_05_fiction.txt;notizen;2092;11508;https://www.projekt-gutenberg.org/kafka/oktavhef/oktavhef.html
die_verwandlung_07;fiction;1912;die_verwandlung_07_fiction.txt;die_verwandlung;2087;11298;https://www.projekt-gutenberg.org/kafka/verwandl/
der_prozess_03;fiction;1914;der_prozess_03_fiction.txt;der_prozess;2078;10431;https://www.projekt-gutenberg.org/kafka/prozess/
das_schloss_43;fiction;1922;das_schloss_43_fiction.txt;das_schloss;2076;10643;https://www.projekt-gutenberg.org/kafka/schloss/
die_verwandlung_05;fiction;1912;die_verwandlung_05_fiction.txt;die_verwandlung;2075;10974;https://www.projekt-gutenberg.org/kafka/verwandl/
amerika_17;fiction;1913;amerika_17_fiction.txt;amerika;2073;10655;https://www.projekt-gutenberg.org/kafka/amerika/
amerika_27;fiction;1913;amerika_27_fiction.txt;amerika;2071;11393;https://www.projekt-gutenberg.org/kafka/amerika/
amerika_18;fiction;1913;amerika_18_fiction.txt;amerika;2068;11375;https://www.projekt-gutenberg.org/kafka/amerika/
das_schloss_25;fiction;1922;das_schloss_25_fiction.txt;das_schloss;2060;10810;https://www.projekt-gutenberg.org/kafka/schloss/
tagebuch_058;diary;1914;tagebuch_58_diaries.txt;tagebuecher;2049;10672;https://www.projekt-gutenberg.org/kafka/tagebuch/titlepage.html
der_prozess_14;fiction;1914;der_prozess_14_fiction.txt;der_prozess;2034;10415;https://www.projekt-gutenberg.org/kafka/prozess/
die_acht_oktavenhefte_13;fiction;1918;oktavenhefte_13_fiction.txt;notizen;2034;10352;https://www.projekt-gutenberg.org/kafka/oktavhef/oktavhef.html
josephine_die_saengerin_02;fiction;1924;josephine_02_fiction.txt;magazine;2032;11264;https://www.projekt-gutenberg.org/kafka/misc/chap031.html
das_schloss_44;fiction;1922;das_schloss_44_fiction.txt;das_schloss;2031;10487;https://www.projekt-gutenberg.org/kafka/schloss/
das_urteil_01;fiction;1912;das_urteil_01_fiction.txt;das_urteil;2030;10976;https://www.gutenberg.org/files/21593/21593-h/21593-h.htm
das_schloss_23;fiction;1922;das_schloss_23_fiction.txt;das_schloss;2029;10361;https://www.projekt-gutenberg.org/kafka/schloss/
tagebuch_057;diary;1914;tagebuch_57_diaries.txt;tagebuecher;2029;11116;https://www.projekt-gutenberg.org/kafka/tagebuch/titlepage.html
das_schloss_46;fiction;1922;das_schloss_46_fiction.txt;das_schloss;2024;10110;https://www.projekt-gutenberg.org/kafka/schloss/
josephine_die_saengerin_01;fiction;1924;josephine_01_fiction.txt;magazine;2020;10996;https://www.projekt-gutenberg.org/kafka/misc/chap031.html
tagebuch_014;diary;1911;tagebuch_014_diaries.txt;tagebuecher;2014;11506;https://www.projekt-gutenberg.org/kafka/tagebuch/titlepage.html
die_acht_oktavenhefte_04;fiction;1917;oktavenhefte_04_fiction.txt;notizen;2013;10796;https://www.projekt-gutenberg.org/kafka/oktavhef/oktavhef.html
amerika_20;fiction;1913;amerika_20_fiction.txt;amerika;2012;10759;https://www.projekt-gutenberg.org/kafka/amerika/
der_prozess_12;fiction;1914;der_prozess_12_fiction.txt;der_prozess;2007;10458;https://www.projekt-gutenberg.org/kafka/prozess/
drei_kurzgeschichten;fiction;1917;drei_kurzgeschichten_fiction.txt;ein_landarzt;2005;10874;https://www.gutenberg.org/files/21989/21989-h/21989-h.htm
tagebuch_066;diary;1916;tagebuch_66_diaries.txt;tagebuecher;2002;10392;https://www.projekt-gutenberg.org/kafka/tagebuch/titlepage.html
tagebuch_059;diary;1914;tagebuch_59_diaries.txt;tagebuecher;2000;10604;https://www.projekt-gutenberg.org/kafka/tagebuch/titlepage.html
amerika_15;fiction;1913;amerika_15_fiction.txt;amerika;1997;10588;https://www.projekt-gutenberg.org/kafka/amerika/
tagebuch_067;diary;1916;tagebuch_67_diaries.txt;tagebuecher;1997;10828;https://www.projekt-gutenberg.org/kafka/tagebuch/titlepage.html
tagebuch_020;diary;1911;tagebuch_020_diaries.txt;tagebuecher;1995;10726;https://www.projekt-gutenberg.org/kafka/tagebuch/titlepage.html
tagebuch_045;diary;1913;tagebuch_45_diaries.txt;tagebuecher;1995;10516;https://www.projekt-gutenberg.org/kafka/tagebuch/titlepage.html
josephine_die_saengerin_03;fiction;1924;josephine_03_fiction.txt;magazine;1980;10555;https://www.projekt-gutenberg.org/kafka/misc/chap031.html
die_verwandlung_02;fiction;1912;die_verwandlung_02_fiction.txt;die_verwandlung;1979;10326;https://www.projekt-gutenberg.org/kafka/verwandl/
tagebuch_008;diary;1911;tagebuch_008_diaries.txt;tagebuecher;1971;10779;https://www.projekt-gutenberg.org/kafka/tagebuch/titlepage.html
die_verwandlung_04;fiction;1912;die_verwandlung_04_fiction.txt;die_verwandlung;1963;10315;https://www.projekt-gutenberg.org/kafka/verwandl/
das_urteil_02;fiction;1912;das_urteil_02_fiction.txt;das_urteil;1963;9854;https://www.gutenberg.org/files/21593/21593-h/21593-h.htm
das_schloss_17;fiction;1922;das_schloss_17_fiction.txt;das_schloss;1958;10380;https://www.projekt-gutenberg.org/kafka/schloss/
tagebuch_055;diary;1914;tagebuch_55_diaries.txt;tagebuecher;1932;10098;https://www.projekt-gutenberg.org/kafka/tagebuch/titlepage.html
das_schloss_09;fiction;1922;das_schloss_09_fiction.txt;das_schloss;1931;9783;https://www.projekt-gutenberg.org/kafka/schloss/
tagebuch_016;diary;1911;tagebuch_016_diaries.txt;tagebuecher;1931;10479;https://www.projekt-gutenberg.org/kafka/tagebuch/titlepage.html
tagebuch_060;diary;1914;tagebuch_60_diaries.txt;tagebuecher;1921;10439;https://www.projekt-gutenberg.org/kafka/tagebuch/titlepage.html
tagebuch_064;diary;1915;tagebuch_64_diaries.txt;tagebuecher;1912;11063;https://www.projekt-gutenberg.org/kafka/tagebuch/titlepage.html
tagebuch_027;diary;1911;tagebuch_027_diaries.txt;tagebuecher;1901;10380;https://www.projekt-gutenberg.org/kafka/tagebuch/titlepage.html
tagebuch_009;diary;1911;tagebuch_009_diaries.txt;tagebuecher;1888;9881;https://www.projekt-gutenberg.org/kafka/tagebuch/titlepage.html
tagebuch_022;diary;1911;tagebuch_022_diaries.txt;tagebuecher;1888;10345;https://www.projekt-gutenberg.org/kafka/tagebuch/titlepage.html
der_prozess_18;fiction;1914;der_prozess_18_fiction.txt;der_prozess;1886;10060;https://www.projekt-gutenberg.org/kafka/prozess/
tagebuch_063;diary;1915;tagebuch_63_diaries.txt;tagebuecher;1886;10905;https://www.projekt-gutenberg.org/kafka/tagebuch/titlepage.html
die_acht_oktavenhefte_08;fiction;1917;oktavenhefte_08_fiction.txt;notizen;1881;10325;https://www.projekt-gutenberg.org/kafka/oktavhef/oktavhef.html
tagebuch_041;diary;1913;tagebuch_41_diaries.txt;tagebuecher;1878;9911;https://www.projekt-gutenberg.org/kafka/tagebuch/titlepage.html
tagebuch_011;diary;1911;tagebuch_011_diaries.txt;tagebuecher;1870;10183;https://www.projekt-gutenberg.org/kafka/tagebuch/titlepage.html
tagebuch_021;diary;1911;tagebuch_021_diaries.txt;tagebuecher;1862;10221;https://www.projekt-gutenberg.org/kafka/tagebuch/titlepage.html
tagebuch_051;diary;1914;tagebuch_51_diaries.txt;tagebuecher;1861;9892;https://www.projekt-gutenberg.org/kafka/tagebuch/titlepage.html
tagebuch_084;diary;1911;tagebuch_84_diaries.txt;reisetagebuecher;1861;10650;https://www.projekt-gutenberg.org/kafka/tagebuch/titlepage.html
tagebuch_023;diary;1911;tagebuch_023_diaries.txt;tagebuecher;1859;9749;https://www.projekt-gutenberg.org/kafka/tagebuch/titlepage.html
tagebuch_013;diary;1911;tagebuch_013_diaries.txt;tagebuecher;1855;10070;https://www.projekt-gutenberg.org/kafka/tagebuch/titlepage.html
das_schloss_37;fiction;1922;das_schloss_37_fiction.txt;das_schloss;1847;9531;https://www.projekt-gutenberg.org/kafka/schloss/
tagebuch_017;diary;1911;tagebuch_017_diaries.txt;tagebuecher;1847;10232;https://www.projekt-gutenberg.org/kafka/tagebuch/titlepage.html
tagebuch_024;diary;1911;tagebuch_024_diaries.txt;tagebuecher;1847;10346;https://www.projekt-gutenberg.org/kafka/tagebuch/titlepage.html
tagebuch_003;diary;1910;tagebuch_003_diaries.txt;tagebuecher;1845;9338;https://www.projekt-gutenberg.org/kafka/tagebuch/titlepage.html
tagebuch_026;diary;1911;tagebuch_026_diaries.txt;tagebuecher;1844;10557;https://www.projekt-gutenberg.org/kafka/tagebuch/titlepage.html
tagebuch_042;diary;1913;tagebuch_42_diaries.txt;tagebuecher;1837;10114;https://www.projekt-gutenberg.org/kafka/tagebuch/titlepage.html
tagebuch_061;diary;1914;tagebuch_61_diaries.txt;tagebuecher;1835;10250;https://www.projekt-gutenberg.org/kafka/tagebuch/titlepage.html
tagebuch_075;diary;1922;tagebuch_75_diaries.txt;tagebuecher;1832;10008;https://www.projekt-gutenberg.org/kafka/tagebuch/titlepage.html
tagebuch_079;diary;1911;tagebuch_79_diaries.txt;reisetagebuecher;1830;10976;https://www.projekt-gutenberg.org/kafka/tagebuch/titlepage.html
der_prozess_21;fiction;1914;der_prozess_21_fiction.txt;der_prozess;1829;9263;https://www.projekt-gutenberg.org/kafka/prozess/
tagebuch_043;diary;1913;tagebuch_43_diaries.txt;tagebuecher;1828;9875;https://www.projekt-gutenberg.org/kafka/tagebuch/titlepage.html
tagebuch_001;diary;1910;tagebuch_001_diaries.txt;tagebuecher;1821;9398;https://www.projekt-gutenberg.org/kafka/tagebuch/titlepage.html
tagebuch_007;diary;1911;tagebuch_007_diaries.txt;tagebuecher;1819;9458;https://www.projekt-gutenberg.org/kafka/tagebuch/titlepage.html
tagebuch_006;diary;1911;tagebuch_006_diaries.txt;tagebuecher;1818;9732;https://www.projekt-gutenberg.org/kafka/tagebuch/titlepage.html
tagebuch_077;diary;1911;tagebuch_77_diaries.txt;reisetagebuecher;1814;9848;https://www.projekt-gutenberg.org/kafka/tagebuch/titlepage.html
amerika_38;fiction;1913;amerika_38_fiction.txt;amerika;1804;9373;https://www.projekt-gutenberg.org/kafka/amerika/
tagebuch_018;diary;1911;tagebuch_018_diaries.txt;tagebuecher;1803;9932;https://www.projekt-gutenberg.org/kafka/tagebuch/titlepage.html
tagebuch_019;diary;1911;tagebuch_019_diaries.txt;tagebuecher;1803;9415;https://www.projekt-gutenberg.org/kafka/tagebuch/titlepage.html
tagebuch_062;diary;1915;tagebuch_62_diaries.txt;tagebuecher;1803;10024;https://www.projekt-gutenberg.org/kafka/tagebuch/titlepage.html
tagebuch_004;diary;1910;tagebuch_004_diaries.txt;tagebuecher;1802;9486;https://www.projekt-gutenberg.org/kafka/tagebuch/titlepage.html
tagebuch_029;diary;1911;tagebuch_029_diaries.txt;tagebuecher;1799;10121;https://www.projekt-gutenberg.org/kafka/tagebuch/titlepage.html
tagebuch_028;diary;1911;tagebuch_028_diaries.txt;tagebuecher;1795;10619;https://www.projekt-gutenberg.org/kafka/tagebuch/titlepage.html
tagebuch_015;diary;1911;tagebuch_015_diaries.txt;tagebuecher;1793;10249;https://www.projekt-gutenberg.org/kafka/tagebuch/titlepage.html
tagebuch_012;diary;1911;tagebuch_012_diaries.txt;tagebuecher;1789;9907;https://www.projekt-gutenberg.org/kafka/tagebuch/titlepage.html
tagebuch_002;diary;1910;tagebuch_002_diaries.txt;tagebuecher;1787;9337;https://www.projekt-gutenberg.org/kafka/tagebuch/titlepage.html
tagebuch_037;diary;1912;tagebuch_37_diaries.txt;tagebuecher;1786;10129;https://www.projekt-gutenberg.org/kafka/tagebuch/titlepage.html
tagebuch_005;diary;1910;tagebuch_005_diaries.txt;tagebuecher;1785;9818;https://www.projekt-gutenberg.org/kafka/tagebuch/titlepage.html
tagebuch_032;diary;1912;tagebuch_32_diaries.txt;tagebuecher;1785;10072;https://www.projekt-gutenberg.org/kafka/tagebuch/titlepage.html
tagebuch_033;diary;1912;tagebuch_33_diaries.txt;tagebuecher;1783;9874;https://www.projekt-gutenberg.org/kafka/tagebuch/titlepage.html
tagebuch_035;diary;1912;tagebuch_35_diaries.txt;tagebuecher;1783;9354;https://www.projekt-gutenberg.org/kafka/tagebuch/titlepage.html
tagebuch_073;diary;1922;tagebuch_73_diaries.txt;tagebuecher;1783;9739;https://www.projekt-gutenberg.org/kafka/tagebuch/titlepage.html
tagebuch_038;diary;1912;tagebuch_38_diaries.txt;tagebuecher;1782;9933;https://www.projekt-gutenberg.org/kafka/tagebuch/titlepage.html
tagebuch_054;diary;1914;tagebuch_54_diaries.txt;tagebuecher;1781;9066;https://www.projekt-gutenberg.org/kafka/tagebuch/titlepage.html
tagebuch_053;diary;1914;tagebuch_53_diaries.txt;tagebuecher;1778;9221;https://www.projekt-gutenberg.org/kafka/tagebuch/titlepage.html
amerika_16;fiction;1913;amerika_16_fiction.txt;amerika;1775;9555;https://www.projekt-gutenberg.org/kafka/amerika/
tagebuch_025;diary;1911;tagebuch_025_diaries.txt;tagebuecher;1773;9732;https://www.projekt-gutenberg.org/kafka/tagebuch/titlepage.html
die_acht_oktavenhefte_03;fiction;1917;oktavenhefte_03_fiction.txt;notizen;1768;9668;https://www.projekt-gutenberg.org/kafka/oktavhef/oktavhef.html
der_prozess_28;fiction;1914;der_prozess_28_fiction.txt;der_prozess;1763;9180;https://www.projekt-gutenberg.org/kafka/prozess/
tagebuch_083;diary;1911;tagebuch_83_diaries.txt;reisetagebuecher;1753;9897;https://www.projekt-gutenberg.org/kafka/tagebuch/titlepage.html
tagebuch_078;diary;1911;tagebuch_78_diaries.txt;reisetagebuecher;1745;10825;https://www.projekt-gutenberg.org/kafka/tagebuch/titlepage.html
die_verwandlung_01;fiction;1912;die_verwandlung_01_fiction.txt;die_verwandlung;1741;9520;https://www.projekt-gutenberg.org/kafka/verwandl/
tagebuch_056;diary;1914;tagebuch_56_diaries.txt;tagebuecher;1741;10086;https://www.projekt-gutenberg.org/kafka/tagebuch/titlepage.html
tagebuch_044;diary;1913;tagebuch_44_diaries.txt;tagebuecher;1731;9298;https://www.projekt-gutenberg.org/kafka/tagebuch/titlepage.html
tagebuch_010;diary;1911;tagebuch_010_diaries.txt;tagebuecher;1730;9981;https://www.projekt-gutenberg.org/kafka/tagebuch/titlepage.html
tagebuch_036;diary;1912;tagebuch_36_diaries.txt;tagebuecher;1728;9373;https://www.projekt-gutenberg.org/kafka/tagebuch/titlepage.html
der_riesenmaulwurf_01;fiction;1915;der_riesenmaulwurf_01_fiction.txt;magazine;1726;9833;https://www.projekt-gutenberg.org/kafka/misc/chap034.html
tagebuch_048;diary;1914;tagebuch_48_diaries.txt;tagebuecher;1720;9460;https://www.projekt-gutenberg.org/kafka/tagebuch/titlepage.html
tagebuch_081;diary;1911;tagebuch_81_diaries.txt;reisetagebuecher;1712;9624;https://www.projekt-gutenberg.org/kafka/tagebuch/titlepage.html
tagebuch_076;diary;1922;tagebuch_76_diaries.txt;tagebuecher;1711;9700;https://www.projekt-gutenberg.org/kafka/tagebuch/titlepage.html
vier_kurzgeschichten;fiction;1917;vier_kurzgeschichten_fiction.txt;ein_landarzt;1710;9081;https://www.projekt-gutenberg.org/kafka/erzaehlg/chap006.html
der_riesenmaulwurf_03;fiction;1915;der_riesenmaulwurf_03_fiction.txt;magazine;1708;9178;https://www.projekt-gutenberg.org/kafka/misc/chap034.html
tagebuch_080;diary;1911;tagebuch_80_diaries.txt;reisetagebuecher;1708;10038;https://www.projekt-gutenberg.org/kafka/tagebuch/titlepage.html
schakale_und_araber;fiction;1917;schakale_und_araber_fiction.txt;ein_landarzt;1689;8747;https://www.gutenberg.org/files/21989/21989-h/21989-h.htm
der_riesenmaulwurf_02;fiction;1915;der_riesenmaulwurf_02_fiction.txt;magazine;1688;9195;https://www.projekt-gutenberg.org/kafka/misc/chap034.html
die_acht_oktavenhefte_12;fiction;1918;oktavenhefte_12_fiction.txt;notizen;1683;9037;https://www.projekt-gutenberg.org/kafka/oktavhef/oktavhef.html
der_bau_06;fiction;1924;der_bau_06_fiction.txt;magazine;1668;8761;https://www.projekt-gutenberg.org/kafka/misc/chap036.html
tagebuch_046;diary;1913;tagebuch_46_diaries.txt;tagebuecher;1667;9318;https://www.projekt-gutenberg.org/kafka/tagebuch/titlepage.html
tagebuch_034;diary;1912;tagebuch_34_diaries.txt;tagebuecher;1663;9366;https://www.projekt-gutenberg.org/kafka/tagebuch/titlepage.html
tagebuch_050;diary;1914;tagebuch_50_diaries.txt;tagebuecher;1662;8889;https://www.projekt-gutenberg.org/kafka/tagebuch/titlepage.html
erstes_leid;fiction;1922;zwei_kurzgeschichten_fiction.txt;magazine;1661;9238;https://www.projekt-gutenberg.org/kafka/misc/chap027.html
tagebuch_049;diary;1914;tagebuch_49_diaries.txt;tagebuecher;1660;9128;https://www.projekt-gutenberg.org/kafka/tagebuch/titlepage.html
tagebuch_031;diary;1912;tagebuch_31_diaries.txt;tagebuecher;1632;9162;https://www.projekt-gutenberg.org/kafka/tagebuch/titlepage.html
tagebuch_040;diary;1912;tagebuch_40_diaries.txt;tagebuecher;1629;8898;https://www.projekt-gutenberg.org/kafka/tagebuch/titlepage.html
ein_bericht_für_eine_akademie_01;fiction;1917;bericht_fuer_akademie_01_fiction.txt;ein_landarzt;1626;8907;https://www.gutenberg.org/files/21989/21989-h/21989-h.htm
der_bau_03;fiction;1924;der_bau_03_fiction.txt;magazine;1618;8571;https://www.projekt-gutenberg.org/kafka/misc/chap036.html
das_schloss_18;fiction;1922;das_schloss_18_fiction.txt;das_schloss;1610;8451;https://www.projekt-gutenberg.org/kafka/schloss/
der_bau_05;fiction;1924;der_bau_05_fiction.txt;magazine;1610;8342;https://www.projekt-gutenberg.org/kafka/misc/chap036.html
der_bau_08;fiction;1924;der_bau_08_fiction.txt;magazine;1610;8532;https://www.projekt-gutenberg.org/kafka/misc/chap036.html
elf_soehne;fiction;1916;elf_soehne_fiction.txt;ein_landarzt;1606;8647;https://www.gutenberg.org/files/21989/21989-h/21989-h.htm
tagebuch_082;diary;1911;tagebuch_82_diaries.txt;reisetagebuecher;1604;8784;https://www.projekt-gutenberg.org/kafka/tagebuch/titlepage.html
der_bau_02;fiction;1924;der_bau_02_fiction.txt;magazine;1594;8604;https://www.projekt-gutenberg.org/kafka/misc/chap036.html
der_bau_07;fiction;1924;der_bau_07_fiction.txt;magazine;1593;8374;https://www.projekt-gutenberg.org/kafka/misc/chap036.html
tagebuch_039;diary;1912;tagebuch_39_diaries.txt;tagebuecher;1592;8411;https://www.projekt-gutenberg.org/kafka/tagebuch/titlepage.html
der_bau_01;fiction;1924;der_bau_01_fiction.txt;magazine;1590;8496;https://www.projekt-gutenberg.org/kafka/misc/chap036.html
tagebuch_074;diary;1922;tagebuch_74_diaries.txt;tagebuecher;1587;8874;https://www.projekt-gutenberg.org/kafka/tagebuch/titlepage.html
der_bau_04;fiction;1924;der_bau_04_fiction.txt;magazine;1586;8541;https://www.projekt-gutenberg.org/kafka/misc/chap036.html
besuch_im_bergwerk_ein_altes_blatt;fiction;1920;bergwerk_blatt_fiction.txt;ein_landarzt;1563;8417;https://www.gutenberg.org/files/21989/21989-h/21989-h.htm
das_schloss_35;fiction;1922;das_schloss_35_fiction.txt;das_schloss;1562;8336;https://www.projekt-gutenberg.org/kafka/schloss/
tagebuch_069;diary;1917;tagebuch_69_diaries.txt;tagebuecher;1559;8372;https://www.projekt-gutenberg.org/kafka/tagebuch/titlepage.html
tagebuch_052;diary;1914;tagebuch_52_diaries.txt;tagebuecher;1558;8016;https://www.projekt-gutenberg.org/kafka/tagebuch/titlepage.html
ein_bericht_für_eine_akademie_02;fiction;1917;bericht_fuer_akademie_01_fiction.txt;ein_landarzt;1554;8345;https://www.gutenberg.org/files/21989/21989-h/21989-h.htm
tagebuch_071;diary;1917;tagebuch_71_diaries.txt;tagebuecher;1552;8983;https://www.projekt-gutenberg.org/kafka/tagebuch/titlepage.html
tagebuch_086;diary;1912;tagebuch_86_diaries.txt;reisetagebuecher;1552;8879;https://www.projekt-gutenberg.org/kafka/tagebuch/titlepage.html
forschunges_eines_hundes_04;fiction;1922;forschunges_eines_hundes_04_fiction.txt;magazine;1547;8410;https://www.projekt-gutenberg.org/kafka/misc/chap028.html
forschunges_eines_hundes_03;fiction;1922;forschunges_eines_hundes_03_fiction.txt;magazine;1545;8272;https://www.projekt-gutenberg.org/kafka/misc/chap028.html
tagebuch_030;diary;1911;tagebuch_30_diaries.txt;tagebuecher;1543;8734;https://www.projekt-gutenberg.org/kafka/tagebuch/titlepage.html
tagebuch_085;diary;1912;tagebuch_85_diaries.txt;reisetagebuecher;1534;9043;https://www.projekt-gutenberg.org/kafka/tagebuch/titlepage.html
forschunges_eines_hundes_07;fiction;1922;forschunges_eines_hundes_07_fiction.txt;magazine;1530;8471;https://www.projekt-gutenberg.org/kafka/misc/chap028.html
tagebuch_047;diary;1913;tagebuch_47_diaries.txt;tagebuecher;1527;8393;https://www.projekt-gutenberg.org/kafka/tagebuch/titlepage.html
forschunges_eines_hundes_06;fiction;1922;forschunges_eines_hundes_06_fiction.txt;magazine;1524;8213;https://www.projekt-gutenberg.org/kafka/misc/chap028.html
tagebuch_070;diary;1917;tagebuch_70_diaries.txt;tagebuecher;1524;8456;https://www.projekt-gutenberg.org/kafka/tagebuch/titlepage.html
betrachtung_1913_04;fiction;1913;betrachtung_04_fiction.txt;ein_landarzt;1522;7895;https://www.projekt-gutenberg.org/kafka/erzaehlg/chap006.html
forschunges_eines_hundes_02;fiction;1922;forschunges_eines_hundes_02_fiction.txt;magazine;1520;8025;https://www.projekt-gutenberg.org/kafka/misc/chap028.html
forschunges_eines_hundes_05;fiction;1922;forschunges_eines_hundes_05_fiction.txt;magazine;1506;8241;https://www.projekt-gutenberg.org/kafka/misc/chap028.html
betrachtung_1913_02;fiction;1913;betrachtung_02_fiction.txt;ein_landarzt;1499;7916;https://www.projekt-gutenberg.org/kafka/erzaehlg/chap006.html
tagebuch_088;diary;1912;tagebuch_88_diaries.txt;reisetagebuecher;1484;8433;https://www.projekt-gutenberg.org/kafka/tagebuch/titlepage.html
tagebuch_087;diary;1912;tagebuch_87_diaries.txt;reisetagebuecher;1477;8662;https://www.projekt-gutenberg.org/kafka/tagebuch/titlepage.html
forschunges_eines_hundes_09;fiction;1922;forschunges_eines_hundes_09_fiction.txt;magazine;1476;7849;https://www.projekt-gutenberg.org/kafka/misc/chap028.html
betrachtung_1913_01;fiction;1913;betrachtung_01_fiction.txt;ein_landarzt;1469;7528;https://www.projekt-gutenberg.org/kafka/erzaehlg/chap006.html
betrachtung_1913_03;fiction;1913;betrachtung_03_fiction.txt;ein_landarzt;1469;7394;https://www.projekt-gutenberg.org/kafka/erzaehlg/chap006.html
ein_hungerkuenstler;fiction;1924;ein_hungerkuenstler_fiction.txt;magazine;1469;7394;https://www.gutenberg.org/cache/epub/30655/pg30655.txt
forschunges_eines_hundes_08;fiction;1922;forschunges_eines_hundes_08_fiction.txt;magazine;1461;7693;https://www.projekt-gutenberg.org/kafka/misc/chap028.html
forschunges_eines_hundes_01;fiction;1922;forschunges_eines_hundes_01_fiction.txt;magazine;1460;8122;https://www.projekt-gutenberg.org/kafka/misc/chap028.html
tagebuch_089;diary;1912;tagebuch_89_diaries.txt;reisetagebuecher;1454;7951;https://www.projekt-gutenberg.org/kafka/tagebuch/titlepage.html
das_schloss_27;fiction;1922;das_schloss_27_fiction.txt;das_schloss;1439;7529;https://www.projekt-gutenberg.org/kafka/schloss/
die_acht_oktavenhefte_11;fiction;1917;oktavenhefte_11_fiction.txt;notizen;1358;7263;https://www.projekt-gutenberg.org/kafka/oktavhef/oktavhef.html
das_schloss_33;fiction;1922;das_schloss_33_fiction.txt;das_schloss;1324;6932;https://www.projekt-gutenberg.org/kafka/schloss/
die_acht_oktavenhefte_06;fiction;1917;oktavenhefte_06_fiction.txt;notizen;1217;6643;https://www.projekt-gutenberg.org/kafka/oktavhef/oktavhef.html
die_acht_oktavenhefte_02;fiction;1917;oktavenhefte_02_fiction.txt;notizen;1097;5935;https://www.projekt-gutenberg.org/kafka/oktavhef/oktavhef.html
die_acht_oktavenhefte_09;fiction;1917;oktavenhefte_09_fiction.txt;notizen;1038;5721;https://www.projekt-gutenberg.org/kafka/oktavhef/oktavhef.html